epoch,time,train/box_loss,train/cls_loss,train/dfl_loss,metrics/precision(B),metrics/recall(B),metrics/mAP50(B),metrics/mAP50-95(B),val/box_loss,val/cls_loss,val/dfl_loss,lr/pg0,lr/pg1,lr/pg2
1,8.76442,0.79719,2.74944,1.13199,0.00333,1,0.54287,0.47986,0.34136,2.967,0.96938,0,0,0
2,16.127,0.77032,2.60935,1.2044,0.00333,1,0.58542,0.52036,0.33893,2.96617,0.96899,1.9604e-05,1.9604e-05,1.9604e-05
3,23.3499,0.88796,2.56094,1.29937,0.00333,1,0.6975,0.6138,0.32999,2.96431,0.96802,3.8416e-05,3.8416e-05,3.8416e-05
4,30.7325,0.5953,2.51035,1.0651,0.00333,1,0.72496,0.64937,0.32267,2.96109,0.96667,5.6436e-05,5.6436e-05,5.6436e-05
5,37.7316,0.57253,2.33377,1.01955,0.00333,1,0.7532,0.67194,0.33633,2.94833,0.97422,7.3664e-05,7.3664e-05,7.3664e-05
6,44.905,0.60008,2.34592,1.05318,0.00333,1,0.77985,0.70045,0.3268,2.94463,0.9853,9.01e-05,9.01e-05,9.01e-05
7,52.1212,0.51386,2.08223,1.02582,0.00333,1,0.77974,0.71528,0.32198,2.93111,0.98366,0.000105744,0.000105744,0.000105744
8,59.3679,0.44663,1.83769,1.01604,0.00333,1,0.80806,0.74412,0.34612,2.89328,0.97342,0.000120596,0.000120596,0.000120596
9,66.4767,0.50514,1.65031,1.01462,0.00333,1,0.80804,0.72728,0.39174,2.82759,0.98343,0.000134656,0.000134656,0.000134656
10,73.8378,0.48408,1.38911,1.05842,0.00333,1,0.80804,0.72728,0.40503,2.73518,0.98686,0.000147924,0.000147924,0.000147924
11,81.056,0.47044,1.28786,0.95859,0.00712,0.83333,0.80803,0.71573,0.40274,2.61845,0.99829,0.0001604,0.0001604,0.0001604
12,88.2704,0.56749,1.31129,0.98988,0.73408,0.83333,0.80802,0.70344,0.43297,2.53572,1.02171,0.000172084,0.000172084,0.000172084
13,95.5661,0.46369,1.18562,1.02888,0.77145,0.83333,0.77966,0.70128,0.45234,2.50427,1.0403,0.000182976,0.000182976,0.000182976
14,102.697,0.40866,1.06974,0.89516,0.75701,0.83333,0.753,0.65942,0.45008,2.51004,1.00763,0.000193076,0.000193076,0.000193076
15,109.891,0.50797,0.9624,0.99899,0.69629,0.83333,0.72465,0.65557,0.41238,2.57623,0.9598,0.000202384,0.000202384,0.000202384
16,117.079,0.51294,1.01186,0.97501,0.02816,0.83333,0.69713,0.64085,0.38104,2.67155,0.92602,0.0002109,0.0002109,0.0002109
17,124.395,0.43861,0.8779,0.93485,0.00673,0.83333,0.69712,0.64978,0.37972,2.73275,0.8976,0.000218624,0.000218624,0.000218624
18,131.419,0.35097,0.84532,0.86087,0.00673,0.83333,0.69712,0.64978,0.37972,2.73275,0.8976,0.000225556,0.000225556,0.000225556
19,138.602,0.42262,0.87533,0.91965,0.82837,0.83333,0.69715,0.64981,0.40462,2.71552,0.89768,0.000231696,0.000231696,0.000231696
20,145.954,0.5384,0.99287,1.00852,0.82837,0.83333,0.69715,0.64981,0.40462,2.71552,0.89768,0.000237044,0.000237044,0.000237044
21,153.121,0.46805,0.80736,0.9648,0.80447,0.68902,0.69707,0.64816,0.43572,2.69523,0.8888,0.0002416,0.0002416,0.0002416
22,160.636,0.46839,0.91831,0.99484,0.80447,0.68902,0.69707,0.64816,0.43572,2.69523,0.8888,0.000245364,0.000245364,0.000245364
23,167.879,0.46253,0.95425,0.98751,0.82548,0.79408,0.72438,0.6816,0.46331,2.63878,0.87984,0.000248336,0.000248336,0.000248336
24,175.071,0.44492,0.88022,0.89769,0.82548,0.79408,0.72438,0.6816,0.46331,2.63878,0.87984,0.000250516,0.000250516,0.000250516
25,182.221,0.44669,0.88265,0.92139,0.83067,0.82001,0.80755,0.77621,0.4591,2.61555,0.85551,0.000251904,0.000251904,0.000251904
26,189.419,0.47673,0.92343,0.96722,0.83067,0.82001,0.80755,0.77621,0.4591,2.61555,0.85551,0.0002525,0.0002525,0.0002525
27,196.763,0.46694,0.84641,0.91957,0.8188,0.83333,0.77916,0.75061,0.42886,2.55129,0.84592,0.000252304,0.000252304,0.000252304
28,204.077,0.46131,0.8314,1.00842,0.8188,0.83333,0.77916,0.75061,0.42886,2.55129,0.84592,0.000251316,0.000251316,0.000251316
29,211.193,0.42822,0.75041,0.90955,0.78394,0.83333,0.77928,0.72447,0.43904,2.47301,0.85023,0.000249536,0.000249536,0.000249536
30,218.33,0.41979,0.79349,0.90829,0.78394,0.83333,0.77928,0.72447,0.43904,2.47301,0.85023,0.000246964,0.000246964,0.000246964
31,225.732,0.4084,0.78035,1.03102,0.78752,0.83333,0.77958,0.71517,0.44555,2.46718,0.84576,0.0002436,0.0002436,0.0002436
32,232.978,0.44341,0.93139,0.93558,0.78752,0.83333,0.77958,0.71517,0.44555,2.46718,0.84576,0.000239444,0.000239444,0.000239444
33,240.091,0.40637,0.72043,0.93162,0.79394,0.83333,0.7797,0.71636,0.43081,2.39974,0.8322,0.000234496,0.000234496,0.000234496
34,247.063,0.47647,0.90776,0.95511,0.79394,0.83333,0.7797,0.71636,0.43081,2.39974,0.8322,0.000228756,0.000228756,0.000228756
35,254.244,0.39391,0.79727,0.92602,0.81673,0.83333,0.77975,0.7235,0.40964,2.28733,0.82115,0.000222224,0.000222224,0.000222224
36,261.525,0.41568,0.75085,0.91983,0.81673,0.83333,0.77975,0.7235,0.40964,2.28733,0.82115,0.0002149,0.0002149,0.0002149
37,268.84,0.42064,0.81329,0.8873,0.82474,0.83333,0.77976,0.73718,0.40943,2.22922,0.82265,0.000206784,0.000206784,0.000206784
38,276.025,0.52689,0.93153,1.00823,0.82474,0.83333,0.77976,0.73718,0.40943,2.22922,0.82265,0.000197876,0.000197876,0.000197876
39,283.335,0.48512,0.82469,0.96273,0.82572,0.83333,0.80808,0.76267,0.41097,2.15995,0.82108,0.000188176,0.000188176,0.000188176
40,290.868,0.39094,0.77912,0.90843,0.82572,0.83333,0.80808,0.76267,0.41097,2.15995,0.82108,0.000177684,0.000177684,0.000177684
41,297.928,0.30763,1.63667,0.91154,0.82575,0.83333,0.80808,0.76279,0.39671,2.13309,0.81742,0.0001664,0.0001664,0.0001664
42,305.179,0.32141,1.63186,0.89987,0.82575,0.83333,0.80808,0.76279,0.39671,2.13309,0.81742,0.000154324,0.000154324,0.000154324
43,312.24,0.28897,1.30248,0.85465,0.82565,0.83333,0.80808,0.78778,0.38791,2.17294,0.81576,0.000141456,0.000141456,0.000141456
44,319.414,0.32168,1.31883,0.89046,0.82565,0.83333,0.80808,0.78778,0.38791,2.17294,0.81576,0.000127796,0.000127796,0.000127796
45,326.948,0.28071,1.26866,0.82657,0.82611,0.83333,0.80808,0.8076,0.37654,2.265,0.81778,0.000113344,0.000113344,0.000113344
46,333.994,0.27121,1.17619,0.86875,0.82611,0.83333,0.80808,0.8076,0.37654,2.265,0.81778,9.81e-05,9.81e-05,9.81e-05
47,341.253,0.3003,1.30642,0.80193,0.82731,0.83333,0.80811,0.80774,0.36761,2.30114,0.81665,8.2064e-05,8.2064e-05,8.2064e-05
48,348.888,0.26651,1.20981,0.9035,0.82731,0.83333,0.80811,0.80774,0.36761,2.30114,0.81665,6.5236e-05,6.5236e-05,6.5236e-05
49,356.202,0.27828,1.21475,0.81216,0.82847,0.83333,0.80809,0.80773,0.36587,2.28776,0.81722,4.7616e-05,4.7616e-05,4.7616e-05
50,363.179,0.26305,1.23689,0.87196,0.82847,0.83333,0.80809,0.80773,0.36587,2.28776,0.81722,2.9204e-05,2.9204e-05,2.9204e-05
1,8.29988,0.79719,2.74944,1.13199,0.00333,1,0.54287,0.47986,0.34136,2.967,0.96938,0,0,0
2,15.3972,0.77032,2.60935,1.2044,0.00333,1,0.58542,0.52036,0.33893,2.96617,0.96899,1.9604e-05,1.9604e-05,1.9604e-05
3,22.8027,0.88796,2.56094,1.29937,0.00333,1,0.6975,0.6138,0.32999,2.96431,0.96802,3.8416e-05,3.8416e-05,3.8416e-05
4,30.0978,0.5953,2.51035,1.0651,0.00333,1,0.72496,0.64937,0.32267,2.96109,0.96667,5.6436e-05,5.6436e-05,5.6436e-05
5,37.491,0.57253,2.33377,1.01955,0.00333,1,0.7532,0.67194,0.33633,2.94833,0.97422,7.3664e-05,7.3664e-05,7.3664e-05
6,44.8977,0.60008,2.34592,1.05318,0.00333,1,0.77985,0.70045,0.3268,2.94463,0.9853,9.01e-05,9.01e-05,9.01e-05
7,52.0429,0.51386,2.08223,1.02582,0.00333,1,0.77974,0.71528,0.32198,2.93111,0.98366,0.000105744,0.000105744,0.000105744
8,59.2045,0.44663,1.83769,1.01604,0.00333,1,0.80806,0.74412,0.34612,2.89328,0.97342,0.000120596,0.000120596,0.000120596
9,66.4465,0.50514,1.65031,1.01462,0.00333,1,0.80804,0.72728,0.39174,2.82759,0.98343,0.000134656,0.000134656,0.000134656
10,73.6308,0.48408,1.38911,1.05842,0.00333,1,0.80804,0.72728,0.40503,2.73518,0.98686,0.000147924,0.000147924,0.000147924
11,80.8026,0.47044,1.28786,0.95859,0.00712,0.83333,0.80803,0.71573,0.40274,2.61845,0.99829,0.0001604,0.0001604,0.0001604
12,87.9307,0.56749,1.31129,0.98988,0.73408,0.83333,0.80802,0.70344,0.43297,2.53572,1.02171,0.000172084,0.000172084,0.000172084
13,94.9952,0.46369,1.18562,1.02888,0.77145,0.83333,0.77966,0.70128,0.45234,2.50427,1.0403,0.000182976,0.000182976,0.000182976
14,102.266,0.40866,1.06974,0.89516,0.75701,0.83333,0.753,0.65942,0.45008,2.51004,1.00763,0.000193076,0.000193076,0.000193076
15,109.697,0.50797,0.9624,0.99899,0.69629,0.83333,0.72465,0.65557,0.41238,2.57623,0.9598,0.000202384,0.000202384,0.000202384
16,116.897,0.51294,1.01186,0.97501,0.02816,0.83333,0.69713,0.64085,0.38104,2.67155,0.92602,0.0002109,0.0002109,0.0002109
17,124.171,0.43861,0.8779,0.93485,0.00673,0.83333,0.69712,0.64978,0.37972,2.73275,0.8976,0.000218624,0.000218624,0.000218624
18,131.428,0.35097,0.84532,0.86087,0.00673,0.83333,0.69712,0.64978,0.37972,2.73275,0.8976,0.000225556,0.000225556,0.000225556
19,138.512,0.42262,0.87533,0.91965,0.82837,0.83333,0.69715,0.64981,0.40462,2.71552,0.89768,0.000231696,0.000231696,0.000231696
20,145.723,0.5384,0.99287,1.00852,0.82837,0.83333,0.69715,0.64981,0.40462,2.71552,0.89768,0.000237044,0.000237044,0.000237044
21,152.856,0.46805,0.80736,0.9648,0.80447,0.68902,0.69707,0.64816,0.43572,2.69523,0.8888,0.0002416,0.0002416,0.0002416
22,159.705,0.46839,0.91831,0.99484,0.80447,0.68902,0.69707,0.64816,0.43572,2.69523,0.8888,0.000245364,0.000245364,0.000245364
23,166.994,0.46253,0.95425,0.98751,0.82548,0.79408,0.72438,0.6816,0.46331,2.63878,0.87984,0.000248336,0.000248336,0.000248336
24,174.154,0.44492,0.88022,0.89769,0.82548,0.79408,0.72438,0.6816,0.46331,2.63878,0.87984,0.000250516,0.000250516,0.000250516
25,181.409,0.44669,0.88265,0.92139,0.83067,0.82001,0.80755,0.77621,0.4591,2.61555,0.85551,0.000251904,0.000251904,0.000251904
26,188.703,0.47673,0.92343,0.96722,0.83067,0.82001,0.80755,0.77621,0.4591,2.61555,0.85551,0.0002525,0.0002525,0.0002525
27,195.836,0.46694,0.84641,0.91957,0.8188,0.83333,0.77916,0.75061,0.42886,2.55129,0.84592,0.000252304,0.000252304,0.000252304
28,203.398,0.46131,0.8314,1.00842,0.8188,0.83333,0.77916,0.75061,0.42886,2.55129,0.84592,0.000251316,0.000251316,0.000251316
29,210.515,0.42822,0.75041,0.90955,0.78394,0.83333,0.77928,0.72447,0.43904,2.47301,0.85023,0.000249536,0.000249536,0.000249536
30,217.717,0.41979,0.79349,0.90829,0.78394,0.83333,0.77928,0.72447,0.43904,2.47301,0.85023,0.000246964,0.000246964,0.000246964
31,224.954,0.4084,0.78035,1.03102,0.78752,0.83333,0.77958,0.71517,0.44555,2.46718,0.84576,0.0002436,0.0002436,0.0002436
32,232.069,0.44341,0.93139,0.93558,0.78752,0.83333,0.77958,0.71517,0.44555,2.46718,0.84576,0.000239444,0.000239444,0.000239444
33,239.294,0.40637,0.72043,0.93162,0.79394,0.83333,0.7797,0.71636,0.43081,2.39974,0.8322,0.000234496,0.000234496,0.000234496
34,246.541,0.47647,0.90776,0.95511,0.79394,0.83333,0.7797,0.71636,0.43081,2.39974,0.8322,0.000228756,0.000228756,0.000228756
35,253.893,0.39391,0.79727,0.92602,0.81673,0.83333,0.77975,0.7235,0.40964,2.28733,0.82115,0.000222224,0.000222224,0.000222224
36,261.031,0.41568,0.75085,0.91983,0.81673,0.83333,0.77975,0.7235,0.40964,2.28733,0.82115,0.0002149,0.0002149,0.0002149
37,268.451,0.42064,0.81329,0.8873,0.82474,0.83333,0.77976,0.73718,0.40943,2.22922,0.82265,0.000206784,0.000206784,0.000206784
38,275.554,0.52689,0.93153,1.00823,0.82474,0.83333,0.77976,0.73718,0.40943,2.22922,0.82265,0.000197876,0.000197876,0.000197876
39,282.778,0.48512,0.82469,0.96273,0.82572,0.83333,0.80808,0.76267,0.41097,2.15995,0.82108,0.000188176,0.000188176,0.000188176
40,290.212,0.39094,0.77912,0.90843,0.82572,0.83333,0.80808,0.76267,0.41097,2.15995,0.82108,0.000177684,0.000177684,0.000177684
41,297.123,0.30763,1.63667,0.91154,0.82575,0.83333,0.80808,0.76279,0.39671,2.13309,0.81742,0.0001664,0.0001664,0.0001664
42,304.277,0.32141,1.63186,0.89987,0.82575,0.83333,0.80808,0.76279,0.39671,2.13309,0.81742,0.000154324,0.000154324,0.000154324
43,311.459,0.28897,1.30248,0.85465,0.82565,0.83333,0.80808,0.78778,0.38791,2.17294,0.81576,0.000141456,0.000141456,0.000141456
44,318.603,0.32168,1.31883,0.89046,0.82565,0.83333,0.80808,0.78778,0.38791,2.17294,0.81576,0.000127796,0.000127796,0.000127796
45,325.634,0.28071,1.26866,0.82657,0.82611,0.83333,0.80808,0.8076,0.37654,2.265,0.81778,0.000113344,0.000113344,0.000113344
46,332.836,0.27121,1.17619,0.86875,0.82611,0.83333,0.80808,0.8076,0.37654,2.265,0.81778,9.81e-05,9.81e-05,9.81e-05
47,339.962,0.3003,1.30642,0.80193,0.82731,0.83333,0.80811,0.80774,0.36761,2.30114,0.81665,8.2064e-05,8.2064e-05,8.2064e-05
48,347.252,0.26651,1.20981,0.9035,0.82731,0.83333,0.80811,0.80774,0.36761,2.30114,0.81665,6.5236e-05,6.5236e-05,6.5236e-05
49,354.386,0.27828,1.21475,0.81216,0.82847,0.83333,0.80809,0.80773,0.36587,2.28776,0.81722,4.7616e-05,4.7616e-05,4.7616e-05
50,361.655,0.26305,1.23689,0.87196,0.82847,0.83333,0.80809,0.80773,0.36587,2.28776,0.81722,2.9204e-05,2.9204e-05,2.9204e-05
1,8.51017,0.79719,2.74944,1.13199,0.00333,1,0.54287,0.47986,0.34136,2.967,0.96938,0,0,0
2,16.0938,0.77032,2.60935,1.2044,0.00333,1,0.58542,0.52036,0.33893,2.96617,0.96899,1.9604e-05,1.9604e-05,1.9604e-05
3,23.4515,0.88796,2.56094,1.29937,0.00333,1,0.6975,0.6138,0.32999,2.96431,0.96802,3.8416e-05,3.8416e-05,3.8416e-05
4,30.8728,0.5953,2.51035,1.0651,0.00333,1,0.72496,0.64937,0.32267,2.96109,0.96667,5.6436e-05,5.6436e-05,5.6436e-05
5,38.2667,0.57253,2.33377,1.01955,0.00333,1,0.7532,0.67194,0.33633,2.94833,0.97422,7.3664e-05,7.3664e-05,7.3664e-05
6,45.4063,0.60008,2.34592,1.05318,0.00333,1,0.77985,0.70045,0.3268,2.94463,0.9853,9.01e-05,9.01e-05,9.01e-05
7,52.6551,0.51386,2.08223,1.02582,0.00333,1,0.77974,0.71528,0.32198,2.93111,0.98366,0.000105744,0.000105744,0.000105744
8,59.7835,0.44663,1.83769,1.01604,0.00333,1,0.80806,0.74412,0.34612,2.89328,0.97342,0.000120596,0.000120596,0.000120596
9,66.8978,0.50514,1.65031,1.01462,0.00333,1,0.80804,0.72728,0.39174,2.82759,0.98343,0.000134656,0.000134656,0.000134656
10,74.001,0.48408,1.38911,1.05842,0.00333,1,0.80804,0.72728,0.40503,2.73518,0.98686,0.000147924,0.000147924,0.000147924
11,81.4094,0.47044,1.28786,0.95859,0.00712,0.83333,0.80803,0.71573,0.40274,2.61845,0.99829,0.0001604,0.0001604,0.0001604
12,88.4011,0.56749,1.31129,0.98988,0.73408,0.83333,0.80802,0.70344,0.43297,2.53572,1.02171,0.000172084,0.000172084,0.000172084
13,95.3896,0.46369,1.18562,1.02888,0.77145,0.83333,0.77966,0.70128,0.45234,2.50427,1.0403,0.000182976,0.000182976,0.000182976
14,102.424,0.40866,1.06974,0.89516,0.75701,0.83333,0.753,0.65942,0.45008,2.51004,1.00763,0.000193076,0.000193076,0.000193076
15,109.678,0.50797,0.9624,0.99899,0.69629,0.83333,0.72465,0.65557,0.41238,2.57623,0.9598,0.000202384,0.000202384,0.000202384
16,116.9,0.51294,1.01186,0.97501,0.02816,0.83333,0.69713,0.64085,0.38104,2.67155,0.92602,0.0002109,0.0002109,0.0002109
17,124.252,0.43861,0.8779,0.93485,0.00673,0.83333,0.69712,0.64978,0.37972,2.73275,0.8976,0.000218624,0.000218624,0.000218624
18,131.35,0.35097,0.84532,0.86087,0.00673,0.83333,0.69712,0.64978,0.37972,2.73275,0.8976,0.000225556,0.000225556,0.000225556
19,138.63,0.42262,0.87533,0.91965,0.82837,0.83333,0.69715,0.64981,0.40462,2.71552,0.89768,0.000231696,0.000231696,0.000231696
20,145.908,0.5384,0.99287,1.00852,0.82837,0.83333,0.69715,0.64981,0.40462,2.71552,0.89768,0.000237044,0.000237044,0.000237044
21,153.195,0.46805,0.80736,0.9648,0.80447,0.68902,0.69707,0.64816,0.43572,2.69523,0.8888,0.0002416,0.0002416,0.0002416
22,160.307,0.46839,0.91831,0.99484,0.80447,0.68902,0.69707,0.64816,0.43572,2.69523,0.8888,0.000245364,0.000245364,0.000245364
23,167.377,0.46253,0.95425,0.98751,0.82548,0.79408,0.72438,0.6816,0.46331,2.63878,0.87984,0.000248336,0.000248336,0.000248336
24,174.487,0.44492,0.88022,0.89769,0.82548,0.79408,0.72438,0.6816,0.46331,2.63878,0.87984,0.000250516,0.000250516,0.000250516
25,181.712,0.44669,0.88265,0.92139,0.83067,0.82001,0.80755,0.77621,0.4591,2.61555,0.85551,0.000251904,0.000251904,0.000251904
26,188.94,0.47673,0.92343,0.96722,0.83067,0.82001,0.80755,0.77621,0.4591,2.61555,0.85551,0.0002525,0.0002525,0.0002525
27,196.065,0.46694,0.84641,0.91957,0.8188,0.83333,0.77916,0.75061,0.42886,2.55129,0.84592,0.000252304,0.000252304,0.000252304
28,203.322,0.46131,0.8314,1.00842,0.8188,0.83333,0.77916,0.75061,0.42886,2.55129,0.84592,0.000251316,0.000251316,0.000251316
29,210.269,0.42822,0.75041,0.90955,0.78394,0.83333,0.77928,0.72447,0.43904,2.47301,0.85023,0.000249536,0.000249536,0.000249536
30,217.513,0.41979,0.79349,0.90829,0.78394,0.83333,0.77928,0.72447,0.43904,2.47301,0.85023,0.000246964,0.000246964,0.000246964
31,224.845,0.4084,0.78035,1.03102,0.78752,0.83333,0.77958,0.71517,0.44555,2.46718,0.84576,0.0002436,0.0002436,0.0002436
32,231.947,0.44341,0.93139,0.93558,0.78752,0.83333,0.77958,0.71517,0.44555,2.46718,0.84576,0.000239444,0.000239444,0.000239444
33,239.194,0.40637,0.72043,0.93162,0.79394,0.83333,0.7797,0.71636,0.43081,2.39974,0.8322,0.000234496,0.000234496,0.000234496
34,246.377,0.47647,0.90776,0.95511,0.79394,0.83333,0.7797,0.71636,0.43081,2.39974,0.8322,0.000228756,0.000228756,0.000228756
35,253.803,0.39391,0.79727,0.92602,0.81673,0.83333,0.77975,0.7235,0.40964,2.28733,0.82115,0.000222224,0.000222224,0.000222224
36,261.145,0.41568,0.75085,0.91983,0.81673,0.83333,0.77975,0.7235,0.40964,2.28733,0.82115,0.0002149,0.0002149,0.0002149
37,268.272,0.42064,0.81329,0.8873,0.82474,0.83333,0.77976,0.73718,0.40943,2.22922,0.82265,0.000206784,0.000206784,0.000206784
38,275.669,0.52689,0.93153,1.00823,0.82474,0.83333,0.77976,0.73718,0.40943,2.22922,0.82265,0.000197876,0.000197876,0.000197876
39,282.939,0.48512,0.82469,0.96273,0.82572,0.83333,0.80808,0.76267,0.41097,2.15995,0.82108,0.000188176,0.000188176,0.000188176
40,290.204,0.39094,0.77912,0.90843,0.82572,0.83333,0.80808,0.76267,0.41097,2.15995,0.82108,0.000177684,0.000177684,0.000177684
41,297.327,0.30763,1.63667,0.91154,0.82575,0.83333,0.80808,0.76279,0.39671,2.13309,0.81742,0.0001664,0.0001664,0.0001664
42,304.612,0.32141,1.63186,0.89987,0.82575,0.83333,0.80808,0.76279,0.39671,2.13309,0.81742,0.000154324,0.000154324,0.000154324
43,312.219,0.28897,1.30248,0.85465,0.82565,0.83333,0.80808,0.78778,0.38791,2.17294,0.81576,0.000141456,0.000141456,0.000141456
44,319.657,0.32168,1.31883,0.89046,0.82565,0.83333,0.80808,0.78778,0.38791,2.17294,0.81576,0.000127796,0.000127796,0.000127796
45,327.294,0.28071,1.26866,0.82657,0.82611,0.83333,0.80808,0.8076,0.37654,2.265,0.81778,0.000113344,0.000113344,0.000113344
46,335.185,0.27121,1.17619,0.86875,0.82611,0.83333,0.80808,0.8076,0.37654,2.265,0.81778,9.81e-05,9.81e-05,9.81e-05
47,342.786,0.3003,1.30642,0.80193,0.82731,0.83333,0.80811,0.80774,0.36761,2.30114,0.81665,8.2064e-05,8.2064e-05,8.2064e-05
48,350.488,0.26651,1.20981,0.9035,0.82731,0.83333,0.80811,0.80774,0.36761,2.30114,0.81665,6.5236e-05,6.5236e-05,6.5236e-05
49,358.06,0.27828,1.21475,0.81216,0.82847,0.83333,0.80809,0.80773,0.36587,2.28776,0.81722,4.7616e-05,4.7616e-05,4.7616e-05
50,365.458,0.26305,1.23689,0.87196,0.82847,0.83333,0.80809,0.80773,0.36587,2.28776,0.81722,2.9204e-05,2.9204e-05,2.9204e-05
1,31.9473,0.72015,3.11218,1.08411,0.00454,0.8,0.46455,0.40531,0.4886,3.37444,0.9617,3.334e-05,3.334e-05,3.334e-05
2,62.583,0.58825,2.94656,0.99576,0.00564,0.96667,0.5602,0.50103,0.43369,3.31755,0.93606,8.16997e-05,8.16997e-05,8.16997e-05
3,93.0545,0.57795,2.57299,0.97691,0.00533,0.93333,0.68331,0.61528,0.4376,3.21475,0.91195,0.000128079,0.000128079,0.000128079
4,123.419,0.62997,1.87142,1.0047,0.00576,1,0.72095,0.64531,0.4555,3.00771,0.91412,0.000172478,0.000172478,0.000172478
5,153.872,0.65275,1.39937,1.01878,0.87928,0.31625,0.71806,0.59936,0.60311,2.74508,0.99272,0.000214896,0.000214896,0.000214896
6,184.05,0.65066,1.26775,0.9897,0.63057,0.30303,0.67114,0.55979,0.56633,2.67497,0.99126,0.000255334,0.000255334,0.000255334
7,214.518,0.6676,1.19627,1.02843,0.68631,0.30303,0.63637,0.53346,0.55813,2.66583,0.96632,0.000293792,0.000293792,0.000293792
8,245.09,0.58989,1.13968,1.0042,0.88572,0.31329,0.71189,0.6246,0.56381,2.68298,0.96044,0.000330269,0.000330269,0.000330269
9,275.516,0.7297,1.22046,1.05269,0.86429,0.49697,0.74637,0.62666,0.62054,2.64253,1.00151,0.000364766,0.000364766,0.000364766
10,305.644,0.6136,1.1604,0.96965,0.88267,0.513,0.75641,0.60699,0.64647,2.6267,1.0183,0.000397283,0.000397283,0.000397283
11,336.075,0.61342,1.0834,0.96682,0.95927,0.54497,0.83495,0.69008,0.60389,2.6042,1.00212,0.000427819,0.000427819,0.000427819
12,366.275,0.60777,0.92483,0.98215,0.93798,0.588,0.85287,0.74486,0.54947,2.48726,0.98226,0.000456375,0.000456375,0.000456375
13,396.598,0.54216,0.92471,0.9389,0.91831,0.64919,0.89175,0.78501,0.55772,2.14618,0.98149,0.00048295,0.00048295,0.00048295
14,426.544,0.62119,0.98506,1.02956,0.95784,0.68912,0.90424,0.77868,0.60328,2.17927,0.98945,0.000507545,0.000507545,0.000507545
15,456.839,0.6209,0.94841,0.99213,0.88975,0.67148,0.9278,0.76391,0.63367,2.40011,1.00125,0.000530159,0.000530159,0.000530159
16,487.125,0.59655,0.9443,0.99462,0.89969,0.64873,0.93168,0.77729,0.6244,2.4877,0.97811,0.000550793,0.000550793,0.000550793
17,518.782,0.63561,1.02078,1.02944,0.86017,0.55,0.88159,0.73443,0.63398,2.46205,0.98439,0.000569447,0.000569447,0.000569447
18,548.917,0.62279,0.90288,0.9376,0.84846,0.59308,0.95776,0.79512,0.63791,2.31644,1.01426,0.000586121,0.000586121,0.000586121
19,580.555,0.58164,0.98881,0.94285,0.83013,0.73429,0.96133,0.79858,0.65796,2.20561,1.01107,0.000600813,0.000600813,0.000600813
20,613.392,0.59035,1.05673,0.95692,0.86433,0.84155,0.9755,0.80909,0.68283,2.0391,1.01796,0.000613526,0.000613526,0.000613526
21,644.979,0.60869,0.93015,0.98623,0.88672,0.88412,0.97036,0.81577,0.69598,1.94481,1.02979,0.000624258,0.000624258,0.000624258
22,675.568,0.58438,0.89026,0.94617,0.86497,0.9436,0.98115,0.83199,0.70854,1.86308,1.02422,0.00063301,0.00063301,0.00063301
23,706.512,0.63787,0.91054,0.95667,0.90893,0.87381,0.98,0.81186,0.73306,1.89896,1.01822,0.000639781,0.000639781,0.000639781
24,737.148,0.6483,0.90965,1.00022,0.93017,0.86355,0.98375,0.77787,0.77115,1.92365,1.11041,0.000644572,0.000644572,0.000644572
25,1364.66,0.56729,0.8621,0.94769,0.92861,0.89109,0.98375,0.79183,0.73149,1.89653,1.10095,0.000647383,0.000647383,0.000647383
26,1400.13,0.64934,0.85399,1.00268,0.92034,0.95951,0.9799,0.79354,0.69685,1.79814,1.07472,0.000648213,0.000648213,0.000648213
27,1431.21,0.53269,0.86805,0.93745,0.91337,0.99754,0.98808,0.82057,0.67904,1.69295,1.05587,0.000647063,0.000647063,0.000647063
28,1461.44,0.55603,0.84431,0.98806,0.85834,1,0.99125,0.81812,0.62148,1.66956,0.99929,0.000643932,0.000643932,0.000643932
29,1492.04,0.62387,0.80686,0.97014,0.85834,1,0.99125,0.81812,0.62148,1.66956,0.99929,0.000638821,0.000638821,0.000638821
30,1522.62,0.54028,0.82054,0.9708,0.87303,1,0.995,0.82473,0.62122,1.62854,1.01715,0.00063173,0.00063173,0.00063173
31,1553.27,0.56703,0.80362,0.96518,0.87093,1,0.99125,0.84564,0.6284,1.52529,1.01864,0.000622658,0.000622658,0.000622658
32,1583.33,0.5663,0.80763,0.94974,0.87768,0.99284,0.98808,0.84141,0.63843,1.45245,1.00633,0.000611606,0.000611606,0.000611606
33,1613.46,0.61851,0.83293,0.97566,0.87768,0.99284,0.98808,0.84141,0.63843,1.45245,1.00633,0.000598573,0.000598573,0.000598573
34,1647.59,0.53247,0.75461,0.91816,0.87356,0.99247,0.97786,0.83858,0.62702,1.38731,0.99557,0.000577782,0.000577782,0.000577782
35,1681.06,0.56041,0.93377,0.99223,0.86419,1,0.98536,0.86231,0.59627,1.28151,1.00277,0.000544776,0.000544776,0.000544776
36,1712.02,0.56525,0.79794,0.97579,0.89215,0.98304,0.98808,0.86671,0.60744,1.18799,1.01627,0.000511769,0.000511769,0.000511769
37,1742.62,0.54614,0.72679,0.94927,0.89215,0.98304,0.98808,0.86671,0.60744,1.18799,1.01627,0.000478762,0.000478762,0.000478762
38,1772.79,0.5876,0.76919,0.9367,0.90455,0.99755,0.98808,0.87598,0.60248,1.14262,1.00482,0.000445756,0.000445756,0.000445756
39,1803.96,0.54662,0.80321,0.93922,0.91505,0.9967,0.98808,0.88862,0.56826,1.12902,0.97683,0.000412749,0.000412749,0.000412749
40,1834.03,0.49685,0.69898,0.92287,0.95803,0.99417,0.99125,0.86703,0.56639,1.17579,0.97705,0.000379743,0.000379743,0.000379743
41,1864.58,0.45787,0.98645,0.86536,0.95803,0.99417,0.99125,0.86703,0.56639,1.17579,0.97705,0.000346736,0.000346736,0.000346736
42,1895.18,0.41226,1.0106,0.85294,0.93819,1,0.99125,0.8389,0.58495,1.28209,0.98149,0.000313729,0.000313729,0.000313729
43,1925.57,0.45744,0.88753,0.8598,0.989,0.99376,0.995,0.82498,0.61201,1.40383,0.98241,0.000280723,0.000280723,0.000280723
44,1955.88,0.42941,0.8827,0.8507,0.97598,1,0.995,0.81778,0.61902,1.51897,1.00065,0.000247716,0.000247716,0.000247716
45,1986.08,0.42103,1.01755,0.8659,0.97598,1,0.995,0.81778,0.61902,1.51897,1.00065,0.00021471,0.00021471,0.00021471
46,2016.12,0.48662,1.09599,0.86598,0.98307,1,0.995,0.80895,0.62538,1.54634,1.03383,0.000181703,0.000181703,0.000181703
47,2046.66,0.42054,0.95525,0.86078,0.99408,0.99769,0.995,0.81675,0.60245,1.53707,0.99884,0.000148696,0.000148696,0.000148696
48,2076.42,0.36342,0.94235,0.7651,0.98893,1,0.995,0.81638,0.59184,1.46003,0.98884,0.00011569,0.00011569,0.00011569
49,2107.35,0.39794,0.91931,0.82923,0.98893,1,0.995,0.81638,0.59184,1.46003,0.98884,8.26832e-05,8.26832e-05,8.26832e-05
50,2137.5,0.4183,0.93708,0.86613,0.9887,1,0.995,0.82625,0.58889,1.37276,0.98128,4.96766e-05,4.96766e-05,4.96766e-05
